article_id,title,category,publish_date,author
article_1,Sound move bit politics read different current series.,Health,2024-03-05,Michael Robinson
article_2,Arm head drop realize she else.,Travel,2024-08-03,Emily Mcguire
article_3,Late exist bill degree.,Education,2024-02-28,Anna Williams
article_4,Single start skill recently beyond.,Technology,2024-07-28,Diana Hernandez
article_5,Suffer security speak could significant field manage build.,Entertainment,2024-09-17,Laurie French
article_6,Baby happy fish serve everyone student ground.,Health,2024-10-20,Terry Caldwell
article_7,Deal our personal difference president.,Entertainment,2024-08-27,Matthew Perez
article_8,Keep view yes college personal activity cold benefit.,Travel,2023-12-17,Rick Hicks
article_9,Analysis together indeed much.,Health,2024-01-20,Ray Gilbert
article_10,Without experience show in organization trouble.,Technology,2024-08-30,April Le
article_11,Short attention effect that.,Health,2024-08-23,Audrey Quinn
article_12,Forward citizen security nation beyond reach cold.,Entertainment,2024-09-10,Chris Harris
article_13,During size produce three soldier.,Education,2024-07-28,Autumn Hogan
article_14,Move everything father maintain impact mother three reveal.,Health,2024-09-13,Melanie Lewis
article_15,Card less various affect.,Education,2024-07-12,Jessica Williams
article_16,Exactly senior consider community huge region.,Education,2024-11-06,Natalie Meza
article_17,Weight know set.,Entertainment,2024-01-11,David Phillips
article_18,Political evidence short choose build.,Technology,2023-12-27,Kendra James
article_19,Fact trial old trip seat.,Health,2024-01-30,Joseph Gardner
article_20,Box information you write support else.,Technology,2024-04-18,Anna Johnson
article_21,Just effort I brother box husband.,Entertainment,2024-09-21,Michele Brooks
article_22,Keep what so fly thus other animal.,Travel,2024-01-07,Andrea Palmer
article_23,A learn meeting enough matter happen like.,Travel,2024-02-24,Laura Edwards
article_24,Beautiful I control so still operation body central.,Entertainment,2023-12-15,Lauren King
article_25,Today he two tend art.,Education,2024-06-10,Maria Kirk
article_26,Lead way realize stuff enough bill.,Education,2024-01-26,James Clark
article_27,Out night model.,Entertainment,2024-02-07,Ashley Crawford
article_28,Call nothing six she threat.,Technology,2024-09-18,Ian Stanley
article_29,Door second arrive share yeah rest unit center.,Travel,2024-09-16,Terri Kelly
article_30,Lose understand win politics.,Travel,2024-11-09,Peter Perkins
article_31,Story actually democratic least should.,Technology,2024-06-27,Laura Nguyen
article_32,Low certainly write.,Travel,2024-06-15,Denise Williams
article_33,Many exist baby door likely perform.,Travel,2024-04-19,Michael Brady
article_34,Democrat mouth listen enough eat control example.,Travel,2024-02-18,Matthew Mcclure
article_35,Scientist beautiful pick.,Health,2024-05-07,Edward Stein
article_36,Read beyond beyond room and.,Health,2024-06-12,Shawn Turner
article_37,Water near successful then picture big.,Travel,2024-06-23,James Davis
article_38,Through thought success lose tell plan meet.,Technology,2024-09-20,Andrea Stuart
article_39,Like price history enjoy agree help interesting.,Technology,2024-06-14,Erika Booker
article_40,Until never age green avoid enough theory.,Health,2024-01-08,Stacy Reed
article_41,Million friend whose head money.,Entertainment,2024-02-10,Michael Rojas
article_42,Move enough where than force cost.,Entertainment,2024-10-11,Mary Shaw
article_43,Again ability until training crime difference whole.,Travel,2024-07-28,Derrick Chandler PhD
article_44,Way game several alone accept put standard.,Travel,2024-02-07,Kathleen Leonard
article_45,Believe notice care fall live certainly customer.,Travel,2024-11-06,Lauren Harris
article_46,Design evening time assume day.,Entertainment,2023-12-05,Amy Hamilton
article_47,Finally sign language myself mother sing expect already.,Travel,2024-05-19,David Scott
article_48,Herself thank prove lead we.,Education,2024-09-04,James Ellis
article_49,Story already she indeed place although.,Education,2024-08-02,April Armstrong
article_50,Member best operation bit.,Technology,2024-04-22,Anthony Lopez
article_51,Protect thing include.,Entertainment,2024-10-11,Denise Medina
article_52,Appear experience reflect other.,Entertainment,2024-01-28,Amy Wolfe
article_53,Sound to main where ground of.,Health,2024-06-14,Nicholas Meyers
article_54,Fish firm machine value suffer.,Education,2023-11-29,David Fitzgerald
article_55,Team measure choice hear hand sometimes check.,Entertainment,2024-06-30,Austin Moreno
article_56,Pull want relate stand create common for.,Health,2024-08-07,Debra Mayer
article_57,Person to take.,Travel,2024-11-14,Johnathan Dawson
article_58,Price society pull.,Education,2024-09-26,Kimberly Perkins
article_59,National although bad modern anyone environmental sense.,Education,2024-07-17,Jacob Kirk
article_60,Lose them sing help father worry act road.,Entertainment,2024-02-05,Tanner Donovan
article_61,Case side model I month behavior.,Health,2024-07-15,Candace Molina
article_62,Certain day simply parent feel allow can discover.,Entertainment,2024-09-23,Aaron Bennett
article_63,Certain cold good ball.,Education,2024-05-30,Jenna Nguyen
article_64,Employee let marriage he food realize drug.,Education,2024-01-20,William Hall
article_65,Throughout seek model.,Education,2024-09-29,Robert Marshall
article_66,Region either paper against another admit.,Entertainment,2024-07-08,Johnathan Howe
article_67,Across turn animal hour customer guess building.,Health,2024-03-18,Daniel Smith
article_68,Fill power buy avoid bar.,Education,2024-04-02,William Nguyen
article_69,Mother analysis throw project development form.,Travel,2024-06-08,David Glover
article_70,Exactly those executive enjoy everyone mind.,Health,2023-12-13,Christopher Ford
article_71,Whatever better difficult.,Travel,2024-01-01,Sheila Raymond
article_72,Art example player society that knowledge especially.,Technology,2024-06-04,Caleb Wilson
article_73,Condition along door particular discussion study couple.,Travel,2024-07-15,Miranda Reynolds
article_74,Nation culture partner.,Education,2024-05-08,April Hayes
article_75,Opportunity off into.,Health,2024-03-05,Amber Barnes
article_76,Young above central since argue fear back.,Technology,2024-03-01,Debbie Glover
article_77,Democrat base after would.,Entertainment,2024-01-18,Natasha Rose
article_78,Do even language technology international movement moment.,Education,2024-04-24,Adriana Neal
article_79,Discussion city thousand source.,Entertainment,2024-05-25,Amber Watkins
article_80,Area those worry ok.,Entertainment,2024-07-20,Kayla Johns
article_81,Wife either study six miss candidate price song.,Travel,2024-09-21,James Ryan
article_82,Garden poor strategy sort can including level.,Travel,2024-10-29,Kyle Banks
article_83,Choose under stage.,Entertainment,2024-07-29,Matthew Rocha
article_84,Up could financial onto box.,Health,2024-03-02,Timothy Anderson
article_85,Light teach outside bring build action.,Health,2024-03-24,Larry Wade
article_86,Grow commercial decision.,Education,2024-09-08,Melissa Brooks
article_87,Onto personal television among network different.,Education,2024-05-31,Michael Guzman
article_88,Never second help school save laugh ahead.,Technology,2024-03-29,Donald Wu
article_89,Wife program nearly.,Health,2024-11-04,Aaron Bates
article_90,Into list music someone nice add hope.,Technology,2023-12-08,Gary Jenkins
article_91,Executive dream rock.,Education,2024-09-14,Virginia Hammond
article_92,Member require reveal ground audience into expert.,Education,2024-05-18,Steven Gonzalez
article_93,Nation well each oil.,Health,2024-08-11,Jamie Rodriguez
article_94,Base system couple.,Education,2024-06-27,Yolanda Gomez
article_95,Management through item if.,Entertainment,2024-10-22,Russell Meyer
article_96,Return fly when finally spring already particular.,Education,2024-02-05,Andrew Sharp
article_97,Government mention society half take most matter.,Travel,2024-05-03,Shannon Johnson
article_98,Most sound let attack page fear test.,Education,2024-04-01,Michael Ramos
article_99,Key everything long.,Education,2023-12-22,Danielle Foster
article_100,Arrive cause time discuss benefit.,Technology,2024-09-17,Calvin Calderon
article_101,Foot glass today young.,Entertainment,2024-09-17,Nicole Haley
article_102,Practice place vote social size tough record.,Education,2024-07-09,Kristy Norman
article_103,Until wear teacher head create hard loss now.,Entertainment,2024-07-09,Mario Miller
article_104,Arrive last defense beat live.,Entertainment,2024-02-14,David Fuller
article_105,West act so site color both.,Education,2024-06-29,Zachary Fisher
article_106,Cold this section position message.,Travel,2024-05-27,Amanda Nelson
article_107,Day herself foot fire few lay plan.,Travel,2024-09-04,Alyssa Hoffman
article_108,Region positive process yes happy letter night.,Health,2023-11-26,Margaret Parker
article_109,Feel ago suffer.,Technology,2024-04-25,Zachary Cummings
article_110,Stage test rate however.,Education,2023-11-22,Tanner Brandt
article_111,Which require environment future.,Entertainment,2024-09-22,Justin Donovan
article_112,Weight happen door hear finish.,Health,2024-10-03,Amy Johnson
article_113,Song fly if true practice than full.,Technology,2024-10-13,Dr. Mark Robertson
article_114,Something just manage guy fire.,Travel,2024-05-01,James Harris
article_115,Health national risk method serve newspaper human truth.,Travel,2024-02-13,Sabrina Campbell
article_116,Identify relationship gun.,Technology,2024-08-18,Daniel Gomez IV
article_117,Forward painting day eye machine who.,Travel,2024-02-07,Paula David
article_118,Meeting shake economic cup south.,Education,2024-03-02,Carolyn Potter
article_119,Program doctor structure across gun receive establish.,Health,2024-05-14,Whitney Stephens
article_120,It blood through now call campaign need.,Technology,2024-08-27,Patrick Faulkner
article_121,Recognize reduce science focus strategy card.,Health,2024-07-15,Karl Ingram
article_122,Environmental final camera more young her.,Entertainment,2024-11-02,Ashley Avila
article_123,Gas candidate game party necessary arm experience center.,Travel,2024-08-29,Tara Mitchell
article_124,Of PM get mention list example fund prepare.,Education,2024-02-15,Oscar Horton
article_125,Car media stage star may service visit.,Travel,2024-10-04,Amanda Morales
article_126,Start outside direction easy field time position.,Health,2024-03-27,Paul Cooper
article_127,Ready knowledge art eat authority toward risk.,Health,2024-10-15,Robert Thomas
article_128,Chance movie fear.,Travel,2024-07-14,Todd Baker
article_129,Window card age item money TV.,Health,2024-10-07,Sarah Ramsey
article_130,Billion else between suggest choice only power.,Technology,2023-11-22,Timothy Osborn
article_131,Very idea loss.,Health,2024-10-15,Katherine Brooks
article_132,Less continue way kind feel.,Health,2024-03-13,Sara Hale MD
article_133,Participant same especially social during left official.,Education,2024-03-10,Heather Collins
article_134,Professor suffer hot enter many sister already.,Education,2024-05-23,Lauren Wilson
article_135,Break sign executive this perhaps later type.,Entertainment,2024-05-09,Pamela Watkins
article_136,Inside event public soldier party.,Health,2024-09-10,Taylor White
article_137,Long order daughter win argue half.,Travel,2024-06-12,Kenneth Ford
article_138,Leg find we reason action.,Technology,2024-10-30,Brittany Bates
article_139,Stock leave anyone society reduce sea.,Health,2024-10-01,Sherri Brooks
article_140,Four matter religious.,Travel,2024-10-07,Samantha Farley
article_141,Eat then mother.,Health,2024-03-22,Kevin Wilson
article_142,Why compare apply radio.,Education,2024-01-19,Brandon Burgess
article_143,Lot space teach soldier officer I range.,Education,2024-09-01,Alexandra Garcia
article_144,Tend organization yeah many region.,Travel,2024-04-25,Ashley Price
article_145,Early wrong early start speech court spend.,Health,2024-09-17,Ryan Terry
article_146,Key discover kitchen recognize.,Technology,2024-06-07,Matthew Lane
article_147,Enter interesting federal race would.,Education,2024-11-12,Suzanne Garcia
article_148,Week least trip contain role hair.,Health,2024-09-29,Brendan Mcdonald
article_149,Food section for between yeah.,Travel,2024-08-09,Victor Quinn
article_150,Some star job way year.,Technology,2024-07-07,Charlotte Clark
article_151,Involve wide can notice.,Education,2024-02-04,Rebekah Johnson
article_152,Natural above car west matter might none.,Technology,2024-08-16,Kyle Baker
article_153,Use table garden wide.,Education,2024-08-03,Brian Shaw
article_154,Pass identify case official.,Travel,2024-02-20,Lori Martin
article_155,Hold consider wife land then.,Technology,2024-04-02,Adam Mendoza
article_156,Reveal year can for but.,Travel,2024-11-08,Sean Stanton
article_157,Great sign skill pass.,Technology,2024-03-13,Martha Sullivan
article_158,Seven challenge yet audience.,Technology,2023-11-26,Steven Henderson
article_159,Trade good raise section capital safe.,Health,2024-05-12,Charles Miller
article_160,Television accept interesting movie really agency main measure.,Health,2024-07-26,Jacqueline Castillo
article_161,Somebody paper collection PM simply week Democrat peace.,Entertainment,2023-12-28,Margaret Perez
article_162,Table score hard it suddenly.,Entertainment,2024-05-07,Marc Mejia
article_163,Cold continue actually nature clear law.,Education,2024-05-31,Eric Smith
article_164,All more beautiful wear.,Health,2024-09-01,Jonathan Le
article_165,Political discover process.,Technology,2023-12-10,Joseph Rogers
article_166,Best plan at size.,Health,2024-02-08,Rachel Brown
article_167,Stay subject difficult machine.,Health,2024-08-05,Marc Mays
article_168,Movie necessary education crime though.,Travel,2024-01-11,Melinda Scott
article_169,Summer word three war.,Health,2024-02-08,Carla Hopkins
article_170,Cultural those house.,Travel,2024-08-13,Sarah Anthony
article_171,Deep reason authority behavior more include consumer street.,Education,2024-08-20,David Moore
article_172,Fund pretty song prevent hear happen.,Travel,2024-07-21,William Koch
article_173,Whom throughout carry leader newspaper people risk memory.,Technology,2024-10-29,James Hunter
article_174,Social use sell pressure.,Health,2024-10-14,Dr. Christopher Martin
article_175,Least answer only from west discuss under.,Health,2023-12-09,Patrick Robinson
article_176,Step great doctor security discuss.,Entertainment,2024-01-20,Bradley Newton
article_177,Able process everyone occur majority from.,Entertainment,2024-09-21,Greg Bennett
article_178,American stock key enter attack that room eight.,Health,2024-10-12,Mark Gutierrez
article_179,Central standard control.,Health,2023-12-02,Stacy Cox
article_180,Seek class experience.,Entertainment,2024-04-03,Justin Sampson
article_181,Food middle early interesting gas card lose.,Travel,2024-07-25,Amanda Adams
article_182,Standard likely cause employee soldier.,Education,2024-06-14,Brandon Coleman
article_183,Model expert industry recent hold government family.,Technology,2024-11-18,Kevin Jackson
article_184,None history trip fight.,Technology,2024-03-26,Mary Mcintosh
article_185,Agreement per specific could support.,Health,2024-11-07,Leah Cruz
article_186,Behind agree son life more price moment.,Health,2024-03-01,Joseph White
article_187,Central audience way western glass speak.,Health,2024-08-03,David Miller
article_188,Raise answer attorney at send test.,Health,2024-08-03,Brett Perez
article_189,Though oil interview future teach.,Technology,2024-09-29,Kevin Sawyer
article_190,Necessary process throw store.,Travel,2024-08-17,Mr. Dennis Smith
article_191,Two ready stock scene.,Health,2024-02-20,Jennifer Butler
article_192,Site senior program our order place training.,Education,2024-09-14,Jordan Jackson
article_193,Manager some late.,Travel,2024-08-17,Gary Leon
article_194,Left movie fight attorney.,Travel,2024-10-12,Nicole Cortez
article_195,Quality order them term clear ahead my kind.,Health,2024-07-02,Tammy Martin
article_196,Us Mrs since anyone.,Entertainment,2024-05-11,Morgan Gregory
article_197,Though through miss city actually say.,Education,2024-05-17,Lindsay Sandoval
article_198,Low trial necessary father usually certain.,Travel,2024-05-18,Thomas Roberts
article_199,Rate seek imagine all attack Mr.,Technology,2023-12-11,Erika Lewis
article_200,Case range the house middle today rate.,Travel,2024-07-17,Nicholas Hill
